,Cluster 0 Prediction,Cluster 1 Prediction,True
Metabolite 0,4.539787e-05,0.9999546,1
Metabolite 1,0.9999546,4.539787e-05,0
Metabolite 2,4.539787e-05,0.9999546,1
Metabolite 3,4.539787e-05,0.9999546,1
Metabolite 4,0.9999546,4.539787e-05,0
Metabolite 5,0.9999546,4.539787e-05,0
