,Cluster 0 Prediction,Cluster 1 Prediction,True
Metabolite 0,2.6699113e-13,1.0,1
Metabolite 1,0.009490979,0.99050903,0
Metabolite 2,2.6699113e-13,1.0,1
Metabolite 3,2.6699113e-13,1.0,1
Metabolite 4,0.009490979,0.99050903,0
Metabolite 5,0.009490979,0.99050903,0
