,Cluster 0 Prediction,Cluster 1 Prediction,True
Metabolite 0,1.0875964e-13,1.0,1
Metabolite 1,0.012873537,0.9871265,0
Metabolite 2,1.0883435e-13,1.0,1
Metabolite 3,1.0883435e-13,1.0,1
Metabolite 4,0.012873537,0.9871265,0
Metabolite 5,0.012873537,0.9871265,0
