,Cluster 0 Prediction,Cluster 1 Prediction,True
Microbe 0,5.574865e-07,0.9999994,0
Microbe 1,1.0,3.601591e-08,1
Microbe 2,0.9999976,2.3460093e-06,0
Microbe 3,0.99999845,1.5224598e-06,1
