,Cluster 0 Prediction,Cluster 1 Prediction,True
Metabolite 0,1.794209e-07,0.99999976,1
Metabolite 1,5.08922e-07,0.9999995,0
Metabolite 2,1.794209e-07,0.99999976,1
Metabolite 3,1.794209e-07,0.99999976,1
Metabolite 4,5.08922e-07,0.9999995,0
Metabolite 5,5.08922e-07,0.9999995,0
