,Cluster 0 Prediction,Cluster 1 Prediction,True
Metabolite 0,1.2778406e-07,0.9999999,1
Metabolite 1,0.9999999,9.380148e-08,0
Metabolite 2,3.8463482e-11,1.0,1
Metabolite 3,3.8463482e-11,1.0,1
Metabolite 4,0.9999999,9.380148e-08,0
Metabolite 5,0.9999999,9.380148e-08,0
