,Cluster 0 Prediction,Cluster 1 Prediction,True
Microbe 0,0.9999546,4.539787e-05,0
Microbe 1,4.539787e-05,0.9999546,1
Microbe 2,0.9999546,4.539787e-05,0
Microbe 3,4.539787e-05,0.9999546,1
