,Cluster 0 Prediction,Cluster 1 Prediction,True
Microbe 0,0.26894143,0.7310586,1
Microbe 1,0.26894143,0.7310586,1
Microbe 2,0.26894143,0.7310586,1
Microbe 3,0.7310586,0.26894143,0
Microbe 4,0.26894143,0.7310586,1
