,Cluster 0 Prediction,Cluster 1 Prediction,True
Metabolite 0,8.2130626e-08,0.9999999,1
Metabolite 1,2.805388e-07,0.99999976,0
Metabolite 2,8.2130626e-08,0.9999999,1
Metabolite 3,8.2130626e-08,0.9999999,1
Metabolite 4,2.805388e-07,0.99999976,0
Metabolite 5,2.805388e-07,0.99999976,0
