,Cluster 0 Prediction,Cluster 1 Prediction,True
Microbe 0,2.0611457e-09,0.9999999,1
Microbe 1,2.0611457e-09,0.9999999,1
Microbe 2,2.0611457e-09,0.9999999,1
Microbe 3,2.0611457e-09,0.9999999,0
Microbe 4,2.0611457e-09,0.9999999,1
