,Cluster 0 Prediction,Cluster 1 Prediction,True
Metabolite 0,0.99999654,3.4246136e-06,1
Metabolite 1,0.99999654,3.4246136e-06,0
Metabolite 2,0.99999654,3.4246136e-06,1
Metabolite 3,0.99999654,3.4246136e-06,1
Metabolite 4,0.99999654,3.4246136e-06,0
Metabolite 5,0.99999654,3.4246136e-06,0
