,Cluster 0 Prediction,Cluster 1 Prediction,True
Microbe 0,1.0443943e-09,0.9999999,1
Microbe 1,1.0444542e-09,0.9999999,1
Microbe 2,1.0442988e-09,0.9999999,1
Microbe 3,1.0464841e-09,0.9999999,0
Microbe 4,1.0444621e-09,0.9999999,1
