,Cluster 0 Prediction,Cluster 1 Prediction,True
Metabolite 0,0.9999999,1.798656e-08,1
Metabolite 1,0.9999999,1.798656e-08,0
Metabolite 2,0.9999999,1.798656e-08,1
Metabolite 3,0.9999999,1.798656e-08,1
Metabolite 4,0.9999999,1.798656e-08,0
Metabolite 5,0.9999999,1.798656e-08,0
