,Cluster 0 Prediction,Cluster 1 Prediction,True
Microbe 0,1.2100407e-09,0.9999999,1
Microbe 1,1.2100361e-09,0.9999999,1
Microbe 2,1.2100083e-09,0.9999999,1
Microbe 3,1.2124248e-09,0.9999999,0
Microbe 4,1.2101238e-09,0.9999999,1
