,Cluster 0 Prediction,Cluster 1 Prediction,True
Metabolite 0,0.9999999,2.3802028e-11,1
Metabolite 1,0.9999999,2.3802028e-11,0
Metabolite 2,0.9999999,2.3802028e-11,1
Metabolite 3,0.9999999,2.3802028e-11,1
Metabolite 4,0.9999999,2.3802028e-11,0
Metabolite 5,0.9999999,2.3802028e-11,0
