,Cluster 0 Prediction,Cluster 1 Prediction,True
Metabolite 0,0.92657757,0.07342243,1
Metabolite 1,0.92657757,0.07342243,1
Metabolite 2,2.0764311e-10,1.0,0
Metabolite 3,0.9266105,0.07338947,1
