,Cluster 0 Prediction,Cluster 1 Prediction,True
Metabolite 0,0.7123773,0.2876227,1
Metabolite 1,0.30534196,0.69465804,0
Metabolite 2,0.6007153,0.39928475,1
Metabolite 3,0.89022225,0.10977778,1
Metabolite 4,0.69614875,0.30385128,0
Metabolite 5,0.16012642,0.8398736,0
